Date,Month,Year,Autos,Light Trucks,Light Total,Total,Autos (SAAR),Light Trucks (SAAR),Light Total (SAAR),Total (SAAR)
01/01/1976,January,1976,671,193.6,864.6,885.2,9.741,2.771,12.512,12.814
01/02/1976,February,1976,747.7,225.6,973.3,994.7,10.132,2.912,13.044,13.34
01/03/1976,March,1976,935.1,281,1216.1,1243.6,10.2,2.885,13.085,13.378
01/04/1976,April,1976,902.7,260.5,1163.2,1191.2,9.999,2.916,12.915,13.223
01/05/1976,May,1976,910,266.1,1176.1,1203.2,9.761,2.884,12.645,12.962
01/06/1976,June,1976,944.2,280.7,1224.9,1254.7,9.784,2.943,12.727,13.051
01/07/1976,July,1976,854.6,275.5,1130.1,1162.3,9.982,3.14,13.122,13.466
01/08/1976,August,1976,753.1,241.8,994.9,1026.1,9.514,3.08,12.594,12.953
01/09/1976,September,1976,784.6,240.3,1024.9,1057.9,10.144,3.065,13.209,13.61
01/10/1976,October,1976,860.4,243.3,1103.7,1129.4,9.569,2.968,12.537,12.823
01/11/1976,November,1976,832.3,229.7,1062,1084.4,10.032,2.974,13.006,13.332
01/12/1976,December,1976,798.3,237.7,1036,1061.8,11.074,3.123,14.197,14.527
01/01/1977,January,1977,716.2,228.8,945,969.9,10.716,3.303,14.019,14.396
01/02/1977,February,1977,799,266.4,1065.4,1092.1,10.889,3.446,14.335,14.709
01/03/1977,March,1977,1069,345,1414,1451.1,11.293,3.489,14.782,15.17
01/04/1977,April,1977,1016.3,304,1320.3,1354.4,11.262,3.491,14.753,15.135
01/05/1977,May,1977,1041.5,303.2,1344.7,1377.1,11.22,3.385,14.605,14.984
01/06/1977,June,1977,1104.2,320.3,1424.5,1459.8,11.326,3.245,14.571,14.952
01/07/1977,July,1977,901.8,269.5,1171.3,1202,11.04,3.266,14.306,14.641
01/08/1977,August,1977,919.5,281.7,1201.2,1234.5,11.124,3.364,14.488,14.859
01/09/1977,September,1977,817.9,255.9,1073.8,1104.6,10.836,3.438,14.274,14.65
01/10/1977,October,1977,1003.2,303.3,1306.5,1341.3,10.934,3.577,14.511,14.9
01/11/1977,November,1977,870.7,283.4,1154.1,1181.6,10.809,3.587,14.396,14.799
01/12/1977,December,1977,786.7,274.4,1061.1,1090.6,11.102,3.687,14.789,15.175
01/01/1978,January,1978,679.6,226.6,906.2,931.3,10.07,3.264,13.334,13.704
01/02/1978,February,1978,768.4,274.8,1043.2,1071.4,10.45,3.519,13.969,14.363
01/03/1978,March,1978,1063.9,372.6,1436.5,1480.6,10.953,3.761,14.714,15.166
01/04/1978,April,1978,1028.8,339.6,1368.4,1406.5,11.786,3.971,15.757,16.198
01/05/1978,May,1978,1143.5,373.1,1516.6,1557.6,11.804,4.026,15.83,16.298
01/06/1978,June,1978,1119.2,386.3,1505.5,1549.4,11.811,4.057,15.868,16.348
01/07/1978,July,1978,913.7,335,1248.7,1289.2,11.067,4.019,15.086,15.528
01/08/1978,August,1978,944.6,339.3,1283.9,1317.1,11.654,4.022,15.676,16.045
01/09/1978,September,1978,819.7,247.7,1067.4,1103.5,10.795,3.4,14.195,14.641
01/10/1978,October,1978,1023.7,332.8,1356.5,1397,11.402,3.989,15.391,15.845
01/11/1978,November,1978,898.6,318,1216.6,1248.7,11.1,3.915,15.015,15.484
01/12/1978,December,1978,760.3,271.2,1031.5,1068.5,11.075,3.764,14.839,15.338
01/01/1979,January,1979,774.1,272.2,1046.3,1077.5,10.963,3.663,14.626,15.061
01/02/1979,February,1979,831.6,283.7,1115.3,1148.7,11.27,3.586,14.856,15.321
01/03/1979,March,1979,1103.8,338.1,1441.9,1483.8,11.371,3.468,14.839,15.275
01/04/1979,April,1979,976.3,290.1,1266.4,1304.6,10.889,3.415,14.304,14.742
01/05/1979,May,1979,1042.4,294.7,1337.1,1373,10.798,3.168,13.966,14.374
01/06/1979,June,1979,894.5,255.3,1149.8,1183.8,9.615,2.748,12.363,12.744
01/07/1979,July,1979,876.2,251.4,1127.6,1164.4,10.613,3.099,13.712,14.112
01/08/1979,August,1979,908.2,268,1176.2,1207.2,10.806,3.193,13.999,14.344
01/09/1979,September,1979,766.8,235.8,1002.6,1029.6,10.715,3.238,13.953,14.292
01/10/1979,October,1979,891.5,271.8,1163.3,1197.6,9.59,3.143,12.733,13.112
01/11/1979,November,1979,767.7,226.8,994.5,1018.6,9.722,2.945,12.667,13.025
01/12/1979,December,1979,725.7,211.7,937.4,959.7,10.354,2.844,13.198,13.496
01/01/1980,January,1980,805.8,212,1017.8,1042,11.326,2.789,14.115,14.439
01/02/1980,February,1980,811.6,203.9,1015.5,1038.7,10.477,2.49,12.967,13.276
01/03/1980,March,1980,895.2,220.9,1116.1,1141.9,9.523,2.274,11.797,12.077
01/04/1980,April,1980,743.3,181.2,924.5,946.6,8.106,2.092,10.198,10.444
01/05/1980,May,1980,696.7,177.1,873.8,893.8,7.35,1.96,9.31,9.54
01/06/1980,June,1980,701.9,207.6,909.5,932.7,7.949,2.232,10.181,10.449
01/07/1980,July,1980,772.6,206.8,979.4,1006.6,8.947,2.434,11.381,11.664
01/08/1980,August,1980,685.5,173.6,859.1,884.2,8.659,2.201,10.86,11.154
01/09/1980,September,1980,674.1,149.4,823.5,847.4,8.701,1.921,10.622,10.912
01/10/1980,October,1980,847.5,171.8,1019.3,1043.4,9.089,2.057,11.146,11.412
01/11/1980,November,1980,698.2,156.8,855,870.5,8.907,2.107,11.014,11.257
01/12/1980,December,1980,649.4,154.6,804,821.4,8.748,1.97,10.718,10.939
01/01/1981,January,1981,647.5,147.9,795.4,814.3,9.043,1.993,11.036,11.282
01/02/1981,February,1981,764,168.3,932.3,949.2,10.032,2.084,12.116,12.351
01/03/1981,March,1981,962.7,194.2,1156.9,1178.8,10.201,1.984,12.185,12.427
01/04/1981,April,1981,751.3,186.2,937.5,962.9,8.09,2.122,10.212,10.49
01/05/1981,May,1981,733.6,181.1,914.7,933.1,8.07,2.066,10.136,10.354
01/06/1981,June,1981,723.8,200.4,924.2,942.7,8.076,2.129,10.205,10.415
01/07/1981,July,1981,706.8,168.6,875.4,896.9,8.194,2.012,10.206,10.428
01/08/1981,August,1981,801.1,189,990.1,1009,10.058,2.399,12.457,12.681
01/09/1981,September,1981,687.2,159.4,846.6,864.8,8.854,2.009,10.863,11.08
01/10/1981,October,1981,648.8,154.9,803.7,822,7.281,1.928,9.209,9.418
01/11/1981,November,1981,584.6,145.7,730.3,743,7.345,1.949,9.294,9.494
01/12/1981,December,1981,522.9,133.6,656.5,673.2,7.169,1.68,8.849,9.055
01/01/1982,January,1982,534.7,163.7,698.4,714.4,7.795,2.28,10.075,10.285
01/02/1982,February,1982,632.5,193.8,826.3,840.5,8.316,2.409,10.725,10.924
01/03/1982,March,1982,777,262.4,1039.4,1057.3,7.892,2.565,10.457,10.651
01/04/1982,April,1982,668.9,189.4,858.3,877.2,7.326,2.215,9.541,9.747
01/05/1982,May,1982,774.3,228.9,1003.2,1020.2,8.41,2.49,10.9,11.103
01/06/1982,June,1982,651,200.3,851.3,868.4,7.312,2.108,9.42,9.613
01/07/1982,July,1982,629.5,181.4,810.9,827.4,7.379,2.206,9.585,9.759
01/08/1982,August,1982,608.9,171,779.9,794,7.539,2.24,9.779,9.947
01/09/1982,September,1982,671.2,205.2,876.4,891.1,8.448,2.51,10.958,11.129
01/10/1982,October,1982,656,171.5,827.5,840.9,7.709,2.272,9.981,10.14
01/11/1982,November,1982,743.4,217.6,961,971.5,8.996,2.87,11.866,12.03
01/12/1982,December,1982,632,192.7,824.7,839.3,8.632,2.441,11.073,11.249
01/01/1983,January,1983,595.8,180,775.8,789.3,8.264,2.424,10.688,10.865
01/02/1983,February,1983,627.8,182,809.8,821.6,8.176,2.265,10.441,10.608
01/03/1983,March,1983,821.4,263.2,1084.6,1102,8.292,2.54,10.832,11.023
01/04/1983,April,1983,761.9,235.2,997.1,1012.3,8.723,2.784,11.507,11.673
01/05/1983,May,1983,836.6,259.4,1096,1109.9,9.062,2.803,11.865,12.028
01/06/1983,June,1983,903.8,285.7,1189.5,1205.4,9.796,2.989,12.785,12.96
01/07/1983,July,1983,791.6,243.3,1034.9,1051.7,9.67,3.063,12.733,12.917
01/08/1983,August,1983,740.7,235.7,976.4,993.1,9.039,3.009,12.048,12.246
01/09/1983,September,1983,704.8,258.9,963.7,980.4,9,3.258,12.258,12.451
01/10/1983,October,1983,860.8,247.9,1108.7,1126,9.911,3.192,13.103,13.311
01/11/1983,November,1983,781.7,253.9,1035.6,1050.2,9.609,3.29,12.899,13.125
01/12/1983,December,1983,751.7,283.3,1035,1054,10.603,3.675,14.278,14.503
01/01/1984,January,1984,778.5,262.5,1041,1056.9,10.431,3.567,13.998,14.21
01/02/1984,February,1984,841.4,298.9,1140.3,1158.9,10.569,3.561,14.13,14.381
01/03/1984,March,1984,963.9,365.8,1329.7,1351.5,10.236,3.731,13.967,14.21
01/04/1984,April,1984,895.6,326.5,1222.1,1245.8,10.266,3.828,14.094,14.357
01/05/1984,May,1984,1047,379.5,1426.5,1451.7,10.702,3.867,14.569,14.856
01/06/1984,June,1984,952.4,338.3,1290.7,1315.9,10.533,3.861,14.394,14.673
01/07/1984,July,1984,889.8,320.4,1210.2,1237.2,10.533,3.922,14.455,14.758
01/08/1984,August,1984,814.9,291.7,1106.6,1129.6,10.231,3.775,14.006,14.279
01/09/1984,September,1984,743.5,285.4,1028.9,1053.4,10.028,3.634,13.662,13.959
01/10/1984,October,1984,901.5,338.7,1240.2,1266.5,10.189,4.153,14.342,14.642
01/11/1984,November,1984,802.4,316.3,1118.7,1141.1,10.319,4.125,14.444,14.774
01/12/1984,December,1984,759.3,290.9,1050.2,1074.8,10.645,3.661,14.306,14.602
01/01/1985,January,1985,829.9,344.1,1174,1196.6,10.758,4.507,15.265,15.563
01/02/1985,February,1985,833.4,356.9,1190.3,1210.6,10.839,4.593,15.432,15.724
01/03/1985,March,1985,965,399.2,1364.2,1391,10.745,4.304,15.049,15.358
01/04/1985,April,1985,983.3,369.6,1352.9,1380.3,10.942,4.282,15.224,15.521
01/05/1985,May,1985,1068.5,404.4,1472.9,1498.9,11.079,4.191,15.27,15.561
01/06/1985,June,1985,920.2,387,1307.2,1332.9,10.428,4.372,14.8,15.093
01/07/1985,July,1985,892.4,420.2,1312.6,1337.6,10.371,4.851,15.222,15.498
01/08/1985,August,1985,995.4,327.6,1323,1345.8,12.24,4.393,16.633,16.91
01/09/1985,September,1985,1064.3,374.4,1438.7,1463.5,14.148,4.661,18.809,19.104
01/10/1985,October,1985,859.1,357.9,1217,1243.2,9.48,4.407,13.887,14.185
01/11/1985,November,1985,758.4,342.6,1101,1120.9,9.828,4.505,14.333,14.622
01/12/1985,December,1985,808.5,362.8,1171.3,1198.8,10.88,4.507,15.387,15.711
01/01/1986,January,1986,866.8,326.2,1193,1213.8,11.463,4.318,15.781,16.06
01/02/1986,February,1986,829.7,335.1,1164.8,1182.2,10.798,4.328,15.126,15.371
01/03/1986,March,1986,893.8,380.7,1274.5,1297.6,9.878,4.022,13.9,14.161
01/04/1986,April,1986,969.3,395.5,1364.8,1390.1,11.002,4.577,15.579,15.849
01/05/1986,May,1986,1068.5,438.6,1507.1,1530.3,11.323,4.715,16.038,16.302
01/06/1986,June,1986,997.8,403.4,1401.2,1426.5,11.169,4.468,15.637,15.92
01/07/1986,July,1986,949.7,404.3,1354,1378,10.834,4.637,15.471,15.742
01/08/1986,August,1986,949,373.5,1322.5,1344.1,12.041,4.969,17.01,17.285
01/09/1986,September,1986,1213.1,497.4,1710.5,1733.6,15.051,6.17,21.221,21.495
01/10/1986,October,1986,902.1,343.8,1245.9,1270.6,10.258,4.258,14.516,14.793
01/11/1986,November,1986,778.5,322.1,1100.6,1119.9,10.274,4.271,14.545,14.822
01/12/1986,December,1986,987.4,418,1405.4,1431.1,12.777,5.005,17.782,18.079
01/01/1987,January,1987,621.8,278,899.8,918.9,8.37,3.785,12.155,12.414
01/02/1987,February,1987,774.4,354.2,1128.6,1148.4,10.204,4.626,14.83,15.109
01/03/1987,March,1987,927,429.9,1356.9,1381.7,10.339,4.678,15.017,15.299
01/04/1987,April,1987,931.3,426.9,1358.2,1385.3,10.365,4.802,15.167,15.452
01/05/1987,May,1987,861.2,412.6,1273.8,1298.5,9.663,4.62,14.283,14.572
01/06/1987,June,1987,935.1,459.4,1394.5,1419.6,10.27,5.071,15.341,15.619
01/07/1987,July,1987,905.7,425.2,1330.9,1355.8,10.52,4.852,15.372,15.655
01/08/1987,August,1987,959.2,417.2,1376.4,1400.6,11.762,5.024,16.786,17.092
01/09/1987,September,1987,896.9,378.7,1275.6,1300.5,11.128,4.692,15.82,16.119
01/10/1987,October,1987,794.5,373.8,1168.3,1193.2,9.236,4.739,13.975,14.258
01/11/1987,November,1987,729.2,358.9,1088.1,1110.7,9.549,4.678,14.227,14.543
01/12/1987,December,1987,834.6,389.4,1224,1249.2,10.642,4.712,15.354,15.645
01/01/1988,January,1988,757.2,343.7,1100.9,1122.5,10.902,4.868,15.77,16.083
01/02/1988,February,1988,880.5,402.4,1282.9,1308.8,11.144,5.028,16.172,16.513
01/03/1988,March,1988,998.5,475.7,1474.2,1505,10.825,5.023,15.848,16.182
01/04/1988,April,1988,895.1,407.9,1303,1333.5,10.401,4.8,15.201,15.545
01/05/1988,May,1988,966.9,459.6,1426.5,1455.4,10.549,5.057,15.606,15.941
01/06/1988,June,1988,1002.6,450.8,1453.4,1483.1,10.77,4.755,15.525,15.854
01/07/1988,July,1988,856,418.7,1274.7,1302.8,10.362,5.013,15.375,15.704
01/08/1988,August,1988,878.7,412,1290.7,1317,10.289,4.789,15.078,15.385
01/09/1988,September,1988,822.3,373.1,1195.4,1223.2,9.96,4.75,14.71,15.047
01/10/1988,October,1988,829,390.7,1219.7,1249.9,9.888,4.927,14.815,15.162
01/11/1988,November,1988,786.8,378.4,1165.2,1191.1,10.158,4.88,15.038,15.394
01/12/1988,December,1988,872,384.6,1256.6,1285.2,11.298,4.8,16.098,16.437
01/01/1989,January,1989,711.9,346.9,1058.8,1084.2,10.087,4.93,15.017,15.372
01/02/1989,February,1989,745.6,358.5,1104.1,1127.3,9.844,4.824,14.668,14.991
01/03/1989,March,1989,879.2,430.7,1309.9,1337.6,9.694,4.668,14.362,14.662
01/04/1989,April,1989,904.6,421.5,1326.1,1354.8,10.727,4.971,15.698,16.024
01/05/1989,May,1989,963.8,445.9,1409.7,1438.4,10.267,4.675,14.942,15.267
01/06/1989,June,1989,888.8,411.7,1300.5,1329.2,9.516,4.549,14.065,14.384
01/07/1989,July,1989,837.1,415.1,1252.2,1279.1,9.734,4.655,14.389,14.695
01/08/1989,August,1989,963.5,451.5,1415,1441.9,11.087,5.147,16.234,16.547
01/09/1989,September,1989,829.9,409.7,1239.6,1263.8,10.345,5.016,15.361,15.66
01/10/1989,October,1989,739.2,350.5,1089.7,1116.9,8.766,4.504,13.27,13.581
01/11/1989,November,1989,672.3,353.6,1025.9,1047.6,8.536,4.532,13.068,13.37
01/12/1989,December,1989,640.9,348.3,989.2,1011.9,8.719,4.554,13.273,13.55
01/01/1990,January,1990,743.3,396.2,1139.5,1161.3,10.42,5.59,16.01,16.308
01/02/1990,February,1990,716.5,335.5,1052,1073.4,9.479,4.587,14.066,14.363
01/03/1990,March,1990,850.3,419.6,1269.9,1295.2,9.513,4.69,14.203,14.486
01/04/1990,April,1990,802.1,399.4,1201.5,1226.3,9.405,4.604,14.009,14.281
01/05/1990,May,1990,872.4,435.1,1307.5,1332.1,9.129,4.614,13.743,14.022
01/06/1990,June,1990,857.3,424.1,1281.4,1306.1,9.225,4.642,13.867,14.149
01/07/1990,July,1990,803.2,415.1,1218.3,1244.4,9.143,4.646,13.789,14.081
01/08/1990,August,1990,786,387.4,1173.4,1196.9,9.192,4.39,13.582,13.859
01/09/1990,September,1990,769,354,1123,1144.8,9.659,4.366,14.025,14.298
01/10/1990,October,1990,787.8,357.3,1145.1,1169,9.155,4.328,13.483,13.749
01/11/1990,November,1990,661.2,321,982.2,1000.5,8.601,4.276,12.877,13.134
01/12/1990,December,1990,651.1,314.8,965.9,987.2,8.681,4.021,12.702,12.958
01/01/1991,January,1991,554.6,267.6,822.2,839.3,7.751,3.845,11.596,11.829
01/02/1991,February,1991,621.5,289.1,910.6,927.5,8.181,3.994,12.175,12.409
01/03/1991,March,1991,730.3,352.7,1083,1103.1,8.555,4.061,12.616,12.848
01/04/1991,April,1991,690.7,348.9,1039.6,1059.6,7.867,3.958,11.825,12.038
01/05/1991,May,1991,769.5,385.5,1155,1174,8.191,4.079,12.27,12.487
01/06/1991,June,1991,771.7,385,1156.7,1175.3,8.321,4.184,12.505,12.719
01/07/1991,July,1991,773.2,391,1164.2,1185.2,8.553,4.189,12.742,12.972
01/08/1991,August,1991,690.4,355.1,1045.5,1063,8.206,4.146,12.352,12.565
01/09/1991,September,1991,671.4,373,1044.4,1062.2,8.327,4.563,12.89,13.107
01/10/1991,October,1991,702,327.5,1029.5,1047.6,8.053,3.962,12.015,12.217
01/11/1991,November,1991,606.5,310.8,917.3,932.1,8.195,4.169,12.364,12.576
01/12/1991,December,1991,593.2,348.2,941.4,961.5,7.9,4.52,12.42,12.658
01/01/1992,January,1992,560.5,290.6,851.1,867.8,8.109,4.258,12.367,12.591
01/02/1992,February,1992,651.1,320.6,971.7,988.5,8.374,4.324,12.698,12.927
01/03/1992,March,1992,720.4,387.8,1108.2,1128.4,8.186,4.406,12.592,12.824
01/04/1992,April,1992,715.8,406.1,1121.9,1144.9,7.894,4.416,12.31,12.55
01/05/1992,May,1992,733.7,416.2,1149.9,1169.7,8.242,4.618,12.86,13.098
01/06/1992,June,1992,824.8,450.3,1275.1,1297,8.579,4.738,13.317,13.543
01/07/1992,July,1992,733.6,402.1,1135.7,1158.2,8.167,4.433,12.6,12.853
01/08/1992,August,1992,644.8,399.9,1044.7,1065.2,7.881,4.739,12.62,12.873
01/09/1992,September,1992,673.7,399.9,1073.6,1095.4,8.187,4.927,13.114,13.378
01/10/1992,October,1992,694.5,412.9,1107.4,1132.2,8.281,5.087,13.368,13.655
01/11/1992,November,1992,601,369.3,970.3,988.6,8.139,4.819,12.958,13.218
01/12/1992,December,1992,660.5,387.2,1047.7,1070.7,8.532,4.982,13.514,13.784
01/01/1993,January,1993,562.2,335,897.2,915.3,8.31,4.883,13.193,13.457
01/02/1993,February,1993,593.4,363.1,956.5,976.1,7.815,4.883,12.698,12.969
01/03/1993,March,1993,735.1,467.6,1202.7,1228.9,8.014,5.027,13.041,13.326
01/04/1993,April,1993,768.7,477.1,1245.8,1273.5,8.811,5.424,14.235,14.527
01/05/1993,May,1993,812.1,504.4,1316.5,1342.2,8.775,5.437,14.212,14.519
01/06/1993,June,1993,835.6,518.2,1353.8,1383.1,8.703,5.485,14.188,14.49
01/07/1993,July,1993,763.5,477,1240.5,1266.9,8.691,5.452,14.143,14.451
01/08/1993,August,1993,697.1,436.3,1133.4,1158.8,8.113,5.163,13.276,13.584
01/09/1993,September,1993,704,434.5,1138.5,1164.6,8.276,5.4,13.676,13.99
01/10/1993,October,1993,717.3,439.7,1157,1182.5,9.036,5.567,14.603,14.911
01/11/1993,November,1993,667.6,448.3,1115.9,1140.9,8.937,5.602,14.539,14.882
01/12/1993,December,1993,661.1,463.8,1124.9,1152.7,8.733,5.946,14.679,15.004
01/01/1994,January,1994,606.1,415.8,1021.9,1045.5,8.985,6.05,15.035,15.379
01/02/1994,February,1994,698.6,448.6,1147.2,1170.9,9.171,6.023,15.194,15.52
01/03/1994,March,1994,876.2,565.8,1442,1472.2,9.12,5.854,14.974,15.301
01/04/1994,April,1994,785.8,521.6,1307.4,1337.9,9.477,6.203,15.68,16.013
01/05/1994,May,1994,814.5,539.5,1354,1382.1,8.595,5.654,14.249,14.577
01/06/1994,June,1994,871.4,574.3,1445.7,1479.6,8.787,5.976,14.763,15.109
01/07/1994,July,1994,713.2,477.5,1190.7,1219.5,8.668,5.854,14.522,14.875
01/08/1994,August,1994,782.3,514.8,1297.1,1329.3,8.926,6.063,14.989,15.359
01/09/1994,September,1994,741.8,480.5,1222.3,1252.1,8.879,6.032,14.911,15.274
01/10/1994,October,1994,738,522.5,1260.5,1291.8,9.1,6.417,15.517,15.894
01/11/1994,November,1994,670.7,498.5,1169.2,1197.9,9.127,6.373,15.5,15.89
01/12/1994,December,1994,691.8,495.1,1186.9,1218.9,9.05,6.146,15.196,15.584
01/01/1995,January,1995,581.3,419.7,1001,1031.5,8.412,5.951,14.363,14.801
01/02/1995,February,1995,647.8,451.3,1099.1,1128.7,8.443,6.014,14.457,14.861
01/03/1995,March,1995,798.3,568.3,1366.6,1403.3,8.706,6.159,14.865,15.256
01/04/1995,April,1995,685.5,495.8,1181.3,1216,8.152,5.828,13.98,14.378
01/05/1995,May,1995,824.7,567.5,1392.2,1427.5,8.51,5.908,14.418,14.806
01/06/1995,June,1995,852.3,587.3,1439.6,1477.2,8.818,6.201,15.019,15.407
01/07/1995,July,1995,720.8,504.1,1224.9,1255.3,8.372,5.954,14.326,14.7
01/08/1995,August,1995,805.9,527.8,1333.7,1365.2,8.991,6.015,15.006,15.368
01/09/1995,September,1995,713.1,471.2,1184.3,1214.4,8.824,6.135,14.959,15.338
01/10/1995,October,1995,698.6,494.4,1193,1226,8.498,5.972,14.47,14.861
01/11/1995,November,1995,641.4,500.2,1141.6,1169.1,8.706,6.306,15.012,15.38
01/12/1995,December,1995,650.7,520.4,1171.1,1202.6,9.01,6.852,15.862,16.262
01/01/1996,January,1996,564.4,459.7,1024.1,1050.6,8.044,6.405,14.449,14.812
01/02/1996,February,1996,687.7,521.5,1209.2,1237.9,8.618,6.597,15.215,15.587
01/03/1996,March,1996,789.5,583,1372.5,1404.4,9.028,6.651,15.679,16.044
01/04/1996,April,1996,757.1,569.3,1326.4,1359.3,8.649,6.463,15.112,15.466
01/05/1996,May,1996,867.2,621.8,1489,1522.9,9.055,6.569,15.624,15.993
01/06/1996,June,1996,788.7,580.3,1369,1404.2,8.486,6.378,14.864,15.256
01/07/1996,July,1996,728.1,556.9,1285,1317.3,8.314,6.386,14.7,15.074
01/08/1996,August,1996,745.1,558,1303.1,1333.4,8.474,6.654,15.128,15.486
01/09/1996,September,1996,691.8,512.2,1204,1231.4,8.557,6.627,15.184,15.534
01/10/1996,October,1996,673.1,593.6,1266.7,1296.6,8.075,6.897,14.972,15.308
01/11/1996,November,1996,586.3,536.9,1123.2,1146.4,8.287,7.105,15.392,15.712
01/12/1996,December,1996,599.6,525.3,1124.9,1151.8,8.157,6.692,14.849,15.183
01/01/1997,January,1997,608.6,480.6,1089.2,1114.6,8.661,6.671,15.332,15.682
01/02/1997,February,1997,644.6,506.6,1151.2,1177.4,8.275,6.641,14.916,15.271
01/03/1997,March,1997,762.3,630.6,1392.9,1425.9,8.433,7.011,15.444,15.816
01/04/1997,April,1997,694.7,581.7,1276.4,1310.3,8.015,6.679,14.694,15.058
01/05/1997,May,1997,767.3,635.4,1402.7,1435.8,7.975,6.742,14.717,15.088
01/06/1997,June,1997,735.4,588,1323.4,1355,7.772,6.408,14.18,14.524
01/07/1997,July,1997,735,609.6,1344.6,1376.6,8.347,6.847,15.194,15.568
01/08/1997,August,1997,735.6,581.5,1317.1,1348.2,8.559,7.206,15.765,16.148
01/09/1997,September,1997,663.6,543.8,1207.4,1238.5,7.928,6.783,14.711,15.096
01/10/1997,October,1997,659.8,586.9,1246.7,1282,8.029,7.007,15.036,15.431
01/11/1997,November,1997,558.5,559.3,1117.8,1146.1,8.004,7.417,15.421,15.825
01/12/1997,December,1997,652.3,600.2,1252.5,1287.7,8.621,7.438,16.059,16.474
01/01/1998,January,1998,522.5,494.6,1017.1,1044.1,7.453,6.947,14.4,14.789
01/02/1998,February,1998,611.6,532.4,1144,1173,7.86,6.979,14.839,15.232
01/03/1998,March,1998,719.9,648.9,1368.8,1405.5,7.922,7.079,15.001,15.405
01/04/1998,April,1998,706.7,646.4,1353.1,1390.9,8.099,7.422,15.521,15.923
01/05/1998,May,1998,789.1,719.7,1508.8,1543.9,8.579,8.07,16.649,17.057
01/06/1998,June,1998,813.9,755.6,1569.5,1606.6,8.396,7.982,16.378,16.771
01/07/1998,July,1998,630.7,598.9,1229.6,1264.9,7.285,6.97,14.255,14.668
01/08/1998,August,1998,669.8,559.3,1229.1,1265.1,7.553,6.805,14.358,14.796
01/09/1998,September,1998,680.2,597.7,1277.9,1314.4,8.299,7.563,15.862,16.313
01/10/1998,October,1998,708.3,660.2,1368.5,1407.5,8.711,7.968,16.679,17.131
01/11/1998,November,1998,555.9,585.2,1141.1,1176.4,7.911,7.72,15.631,16.118
01/12/1998,December,1998,676.3,659.2,1335.5,1375,8.953,7.99,16.943,17.409
01/01/1999,January,1999,543.5,547.2,1090.7,1123.7,8.063,8.031,16.094,16.593
01/02/1999,February,1999,666.9,619.9,1286.8,1325.7,8.52,8.046,16.566,17.097
01/03/1999,March,1999,784,748.4,1532.4,1580.2,8.395,7.937,16.332,16.832
01/04/1999,April,1999,732.6,671.7,1404.3,1451.7,8.503,7.919,16.422,16.929
01/05/1999,May,1999,826.3,762.1,1588.4,1632.6,8.762,8.297,17.059,17.564
01/06/1999,June,1999,825.8,777.7,1603.5,1651.4,8.636,8.203,16.839,17.346
01/07/1999,July,1999,765.9,720.6,1486.5,1529,8.794,8.377,17.171,17.688
01/08/1999,August,1999,792.2,687.6,1479.8,1523.6,8.858,8.263,17.121,17.641
01/09/1999,September,1999,710.2,688,1398.2,1442.5,8.55,8.566,17.116,17.662
01/10/1999,October,1999,683,668.9,1351.9,1396.8,8.786,8.353,17.139,17.684
01/11/1999,November,1999,633.3,642.5,1275.8,1317.2,8.814,8.258,17.072,17.62
01/12/1999,December,1999,674,721.4,1395.4,1440.6,8.974,8.819,17.793,18.322
01/01/2000,January,2000,616.7,588.1,1204.8,1239.3,9.306,8.808,18.114,18.635
01/02/2000,February,2000,763.5,736.3,1499.8,1539.3,9.566,9.313,18.879,19.401
01/03/2000,March,2000,830.2,833.3,1663.5,1713,8.971,8.851,17.822,18.343
01/04/2000,April,2000,770.1,725.3,1495.4,1538.9,8.903,8.539,17.442,17.939
01/05/2000,May,2000,828,791.7,1619.7,1664.9,8.877,8.59,17.467,17.943
01/06/2000,June,2000,835.2,778.7,1613.9,1662.7,8.753,8.325,17.078,17.596
01/07/2000,July,2000,738.4,693.6,1432,1468.6,8.596,8.255,16.851,17.316
01/08/2000,August,2000,796.3,743.3,1539.6,1578.8,8.597,8.493,17.09,17.531
01/09/2000,September,2000,742.5,731.9,1474.4,1506.3,8.952,9.293,18.245,18.654
01/10/2000,October,2000,659.2,674.8,1334,1367.7,8.595,8.522,17.117,17.514
01/11/2000,November,2000,593.7,638.6,1232.3,1260.9,8.234,8.025,16.259,16.634
01/12/2000,December,2000,603.9,636.4,1240.3,1271.2,7.982,7.849,15.831,16.222
01/01/2001,January,2001,586.8,581.1,1167.9,1196.3,8.709,8.542,17.251,17.652
01/02/2001,February,2001,695.2,657.9,1353.1,1381.5,8.879,8.554,17.433,17.826
01/03/2001,March,2001,783.9,809.7,1593.6,1627.8,8.262,8.606,16.868,17.248
01/04/2001,April,2001,684.5,661.8,1346.3,1377,8.309,8.222,16.531,16.872
01/05/2001,May,2001,808.9,790.9,1599.8,1635.2,8.304,8.199,16.503,16.876
01/06/2001,June,2001,804.3,815.3,1619.6,1652.2,8.325,8.779,17.104,17.464
01/07/2001,July,2001,660.6,686.3,1346.9,1374.6,7.86,8.263,16.123,16.463
01/08/2001,August,2001,720.2,728.3,1448.5,1478.2,7.736,8.28,16.016,16.348
01/09/2001,September,2001,635.1,654,1289.1,1312.5,7.739,8.317,16.056,16.365
01/10/2001,October,2001,807,915.4,1722.4,1753.2,10.379,11.33,21.709,22.055
01/11/2001,November,2001,597.1,727.4,1324.5,1347.9,8.339,9.386,17.725,18.031
01/12/2001,December,2001,568.5,742.2,1310.7,1336.1,7.382,8.765,16.147,16.465
01/01/2002,January,2002,521.1,587.382,1108.482,1129.999,7.647,8.572774986,16.21977499,16.52308059
01/02/2002,February,2002,620,687.003,1307.003,1328.755,8.001,9.004429819,17.00542982,17.30433976
01/03/2002,March,2002,737.9,776.83,1514.73,1541.215,8.066,8.721798451,16.78779845,17.10728741
01/04/2002,April,2002,712.9,728.894,1441.794,1471.801,8.429,8.913577784,17.34257778,17.66752084
01/05/2002,May,2002,753.2,753.56,1506.76,1538.496,7.825,8.019232559,15.84423256,16.19721281
01/06/2002,June,2002,755.7,780.808,1536.508,1563.938,8.032,8.594329651,16.62632965,16.95258344
01/07/2002,July,2002,735,789.422,1524.422,1551.996,8.598,9.230649789,17.82864979,18.14683943
01/08/2002,August,2002,822.5,883.095,1705.595,1734.956,8.536,9.569414271,18.10541427,18.44872502
01/09/2002,September,2002,597.9,625.99,1223.89,1250.986,7.908,8.418470035,16.32647004,16.66458194
01/10/2002,October,2002,599.3,701.813,1301.113,1331.09,7.545,8.378055157,15.92305516,16.25904274
01/11/2002,November,2002,566.6,636.493,1203.093,1227.557,7.843,8.352154192,16.19515419,16.51984795
01/12/2002,December,2002,620,822.823,1442.823,1467.708,8.079,9.514469307,17.59346931,17.86621003
01/01/2003,January,2003,539.7,548.499,1088.199,1108.279,8.06,8.365653665,16.42565366,16.70754421
01/02/2003,February,2003,575,641.018,1216.018,1237.619,7.444,8.369785314,15.81378531,16.11430459
01/03/2003,March,2003,687.2,762.481,1449.681,1474.819,7.575,8.598371883,16.17337188,16.46738282
01/04/2003,April,2003,648.6,759.548,1408.148,1436.733,7.392,9.040999028,16.43299903,16.75130556
01/05/2003,May,2003,721.9,851.651,1573.551,1601.145,7.255,8.897088098,16.1520881,16.4700607
01/06/2003,June,2003,683.8,790.097,1473.897,1502.328,7.635,9.051357553,16.68635755,17.01325977
01/07/2003,July,2003,674.6,834.889,1509.489,1538.781,7.563,9.213511295,16.7765113,17.11666823
01/08/2003,August,2003,732.1,896.811,1628.911,1656.167,7.806,10.12521922,17.93121922,18.2618541
01/09/2003,September,2003,592.4,708.876,1301.276,1329.499,7.579,9.36582287,16.94482287,17.2864757
01/10/2003,October,2003,569.7,732.9,1302.6,1333.497,7.197,8.945620797,16.1426208,16.48920274
01/11/2003,November,2003,554.1,704.581,1258.681,1285.36,7.745,9.451804968,17.19680497,17.56257286
01/12/2003,December,2003,576.5,852.151,1428.651,1463.264,7.415,9.576789309,16.99178931,17.356757
01/01/2004,January,2004,491.1,631.421,1122.521,1149.668,7.047,9.257398666,16.30439867,16.69502125
01/02/2004,February,2004,578,696.511,1274.511,1303.718,7.572,9.061581602,16.6335816,17.03162139
01/03/2004,March,2004,687.5,815.22,1502.72,1540.321,7.702,9.135040951,16.83704095,17.24730513
01/04/2004,April,2004,639.7,779.687,1419.387,1455.643,7.278,9.214895477,16.49289548,16.89820285
01/05/2004,May,2004,740.5,884.755,1625.255,1660.854,7.862,9.896899058,17.75889906,18.18598112
01/06/2004,June,2004,668,775.644,1443.644,1480.758,7.231,8.529693216,15.76069322,16.17314449
01/07/2004,July,2004,681.4,871.54,1552.94,1589.173,7.379,9.490843934,16.86984393,17.30888378
01/08/2004,August,2004,636.6,789.591,1426.191,1463.409,7.246,9.470995581,16.71699558,17.15715913
01/09/2004,September,2004,605.7,827.918,1433.618,1470.081,7.362,10.07021759,17.43221759,17.87543715
01/10/2004,October,2004,583.9,747.927,1331.827,1370.093,7.578,9.477840655,17.05584066,17.51371908
01/11/2004,November,2004,518.4,677.765,1196.165,1231.197,7.532,9.380211824,16.91221182,17.36184504
01/12/2004,December,2004,651.7,886.386,1538.086,1583.603,8,9.626761447,17.62676145,18.10154747
01/01/2005,January,2005,487.3,573.211,1060.511,1095.851,7.449,8.920933364,16.36993336,16.88892121
01/02/2005,February,2005,572.1,678.583,1250.683,1286.074,7.562,8.840832174,16.40283217,16.88629921
01/03/2005,March,2005,718.9,853.685,1572.585,1615.983,7.761,9.168634231,16.92963423,17.41346454
01/04/2005,April,2005,714.2,785.207,1499.407,1542.051,7.94,9.333916213,17.27391621,17.75611887
01/05/2005,May,2005,690.2,805.58,1495.78,1537.321,7.513,9.415215999,16.928216,17.41383488
01/06/2005,June,2005,704.6,969.156,1673.756,1720.006,7.502,10.46511867,17.96711867,18.48217927
01/07/2005,July,2005,711.4,1092.925,1804.325,1845.713,8.018,12.5893487,20.6073487,21.13480457
01/08/2005,August,2005,697.4,783.422,1480.822,1524.158,7.795,9.12249568,16.91749568,17.41837045
01/09/2005,September,2005,645.4,680.556,1325.956,1366.93,7.943,8.483779535,16.42677954,16.92713501
01/10/2005,October,2005,560.8,582.272,1143.072,1184.16,7.394,7.453137944,14.84713794,15.33557591
01/11/2005,November,2005,541.1,620.467,1161.567,1200.786,7.614,8.407634511,16.02163451,16.52354355
01/12/2005,December,2005,617,862.707,1479.707,1525.713,7.436,9.252204978,16.68820498,17.17402277
01/01/2006,January,2006,558.8,581.126,1139.926,1176.162,8.624,8.948288333,17.57228833,18.08081261
01/02/2006,February,2006,569.3,687.882,1257.182,1298.13,7.586,8.928698645,16.51469865,17.07147143
01/03/2006,March,2006,690.7,834.96,1525.66,1576.647,7.445,8.963732197,16.4087322,16.96023117
01/04/2006,April,2006,711.4,732.379,1443.779,1489.804,7.935,8.632670104,16.5676701,17.12664731
01/05/2006,May,2006,729.7,755.238,1484.938,1533.712,7.633,8.537342403,16.1703424,16.7290128
01/06/2006,June,2006,713.1,782.819,1495.919,1545.268,7.59,8.761935506,16.35193551,16.89996849
01/07/2006,July,2006,711.4,778.197,1489.597,1531.114,8.096,9.028860906,17.12486091,17.66155424
01/08/2006,August,2006,719.4,763.117,1482.517,1530.014,7.7,8.201203676,15.90120368,16.45755434
01/09/2006,September,2006,634.7,715.782,1350.482,1394.215,7.668,8.751255502,16.4192555,16.97365702
01/10/2006,October,2006,544.8,668.324,1213.124,1260.626,7.496,8.826471334,16.32247133,16.86503089
01/11/2006,November,2006,534.1,660.795,1194.895,1236.584,7.425,8.702858208,16.12785821,16.65674363
01/12/2006,December,2006,643.9,782.189,1426.089,1476.413,7.939,8.630379186,16.56937919,17.10713384
01/01/2007,January,2007,506.4,580.99,1087.39,1124.216,7.722,8.67964371,16.40164371,16.89564101
01/02/2007,February,2007,560.6,690.502,1251.102,1285.136,7.636,9.068145843,16.70414584,17.16874392
01/03/2007,March,2007,718.9,818.012,1536.912,1574.877,7.496,8.519310754,16.01531075,16.43760356
01/04/2007,April,2007,622.9,709.502,1332.402,1365.965,7.441,8.773603258,16.21460326,16.61513259
01/05/2007,May,2007,776.1,782.622,1558.722,1590.262,7.851,8.445143588,16.29614359,16.66078122
01/06/2007,June,2007,716.5,733.65,1450.15,1481.21,7.521,8.302026036,15.82302604,16.17905607
01/07/2007,July,2007,617.4,686.87,1304.27,1331.024,7.21,8.288759622,15.49875962,15.8373362
01/08/2007,August,2007,679,792.223,1471.223,1500.386,7.314,8.719679911,16.03367991,16.37935941
01/09/2007,September,2007,611.5,698.951,1310.451,1335.814,7.522,8.67765925,16.19965925,16.53233289
01/10/2007,October,2007,560.1,666.489,1226.589,1256.533,7.525,8.601517295,16.12651729,16.45516907
01/11/2007,November,2007,563.9,611.463,1175.363,1200.511,7.906,8.132290936,16.03829094,16.35388276
01/12/2007,December,2007,628.8,755.614,1384.414,1414.147,7.603,8.114875798,15.7178758,16.02982232
01/01/2008,January,2008,495.8,543.326,1039.126,1063.408,7.42,7.962975165,15.38297517,15.70537658
01/02/2008,February,2008,555.5,616.18,1171.68,1196.431,7.243,7.922899277,15.16589928,15.49147277
01/03/2008,March,2008,679.4,672.139,1351.539,1378.605,7.284,7.510675442,14.79467544,15.11414472
01/04/2008,April,2008,656.8,586.707,1243.507,1272.999,7.326,6.941505341,14.26750534,14.60496301
01/05/2008,May,2008,794.4,598.424,1392.824,1420.485,7.958,6.405757779,14.36375778,14.69712682
01/06/2008,June,2008,659.7,525.573,1185.273,1212.54,7.732,6.333043873,14.06504387,14.37656559
01/07/2008,July,2008,618.9,513.362,1132.262,1156.003,7.023,5.691537807,12.71453781,13.00568631
01/08/2008,August,2008,627.4,619.398,1246.798,1269.113,6.895,6.939431439,13.83443144,14.11900552
01/09/2008,September,2008,478.4,483.906,962.306,984.592,6.386,6.301930687,12.68793069,12.96128166
01/10/2008,October,2008,427.1,407.492,834.592,859.026,5.694,4.97162668,10.66562668,10.93258724
01/11/2008,November,2008,357.1,386.509,743.609,763.936,5.122,5.133380778,10.25538078,10.52553142
01/12/2008,December,2008,418.7,472.618,891.318,916.12,5.148,4.992843734,10.14084373,10.38286937
01/01/2009,January,2009,312.8,342.093,654.893,670.466,4.573,5.000238043,9.573238043,9.785604261
01/02/2009,February,2009,338.5,348.674,687.174,701.635,4.467,4.556177394,9.023177394,9.223368971
01/03/2009,March,2009,442,413.181,855.181,872.848,4.801,4.750983688,9.551983688,9.748287429
01/04/2009,April,2009,426.5,390.825,817.325,832.588,4.645,4.552027113,9.197027113,9.379313892
01/05/2009,May,2009,480.7,443.202,923.902,938.41,4.964,5.031749249,9.995749249,10.17608921
01/06/2009,June,2009,452.5,404.925,857.425,874.874,5.162,4.794109313,9.956109313,10.14928726
01/07/2009,July,2009,545.4,450.299,995.699,1011.769,6.244,5.125800624,11.36980062,11.56588885
01/08/2009,August,2009,715.7,544.37,1260.07,1274.678,8.205,6.362504619,14.56750462,14.7539376
01/09/2009,September,2009,394,350.198,744.198,759.633,5.007,4.339807995,9.346807995,9.535486349
01/10/2009,October,2009,420.9,414.791,835.691,853.942,5.407,4.963577195,10.37057719,10.57622459
01/11/2009,November,2009,368.3,376.178,744.478,761.865,5.544,5.272975452,10.81697545,11.04058967
01/12/2009,December,2009,504.2,522.056,1026.256,1049.27,5.8,5.259553315,11.05955332,11.28373507
01/01/2010,January,2010,356.217,340.354,696.571,712.469,5.417,5.251541784,10.66854178,10.89282468
01/02/2010,February,2010,393.08,385.377,778.457,793.362,5.097,5.01142331,10.10842331,10.31535832
01/03/2010,March,2010,533.45,530.182,1063.632,1083.953,5.632,5.921449429,11.55344943,11.7722013
01/04/2010,April,2010,493.59,486.834,980.424,997.334,5.484,5.765119499,11.2491195,11.45350889
01/05/2010,May,2010,555.18,545.575,1100.755,1117.57,5.724,6.097454599,11.8214546,12.02997991
01/06/2010,June,2010,493.498,487.79,981.288,1000.455,5.635,5.750481769,11.38548177,11.59752458
01/07/2010,July,2010,514.969,532.037,1047.006,1065.748,5.738,5.976701079,11.71470108,11.94828996
01/08/2010,August,2010,490.819,503.507,994.326,1011.564,5.786,6.015881302,11.8018813,12.0140147
01/09/2010,September,2010,463.225,492.717,955.942,973.954,5.759,5.943769896,11.7027699,11.92199425
01/10/2010,October,2010,436.381,510.232,946.613,965.135,5.764,6.434527586,12.19852759,12.41405788
01/11/2010,November,2010,395.715,473.965,869.68,888.085,5.664,6.405977875,12.06997788,12.30001617
01/12/2010,December,2010,509.615,630.515,1140.13,1162.897,5.928,6.454691872,12.38269187,12.60547502
01/01/2011,January,2011,380.294,437.844,818.138,836.366,5.799823056,6.747156136,12.54697919,12.80608869
01/02/2011,February,2011,482.998,504.945,987.943,1007.082,6.241598948,6.57340709,12.81500604,13.08116241
01/03/2011,March,2011,648.485,602.836,1251.321,1276.843,6.548654595,6.435026216,12.98368081,13.25895853
01/04/2011,April,2011,595.951,554.522,1150.473,1173.52,6.512363592,6.524833324,13.03719692,13.32633317
01/05/2011,May,2011,534.594,521.542,1056.136,1081.272,5.885749571,6.094151009,11.97990058,12.27968931
01/06/2011,June,2011,513.903,529.851,1043.754,1071.229,5.672705595,5.908003104,11.5807087,11.88577529
01/07/2011,July,2011,497.416,564.995,1062.411,1086.064,5.775527714,6.643369677,12.41889739,12.71984852
01/08/2011,August,2011,497.583,569.214,1066.797,1094.479,5.729790117,6.547575465,12.27736558,12.60368629
01/09/2011,September,2011,474.983,573.714,1048.697,1076.037,5.968151158,7.057571613,13.02572277,13.35572804
01/10/2011,October,2011,470.141,549.055,1019.196,1048.258,6.381334659,7.009845249,13.39117991,13.7297968
01/11/2011,November,2011,455.258,546.792,1002.05,1028.774,6.318231455,7.088029983,13.40626144,13.74297243
01/12/2011,December,2011,541.255,693.645,1234.9,1268.462,6.283136763,7.172267148,13.45540391,13.79772623
01/01/2012,January,2012,460.549,453.327,913.876,938.17,7.073838347,6.983790711,14.05762906,14.39508337
01/02/2012,February,2012,604.028,544.832,1148.86,1175.82,7.686015701,6.930861619,14.61687732,14.97510391
01/03/2012,March,2012,747.947,654.218,1402.165,1434.004,7.343523423,6.89358085,14.23710427,14.59415452
01/04/2012,April,2012,614.66,561.006,1175.666,1204.471,7.324769895,7.083155117,14.40792501,14.76914209
01/05/2012,May,2012,677.297,660.743,1338.04,1369.493,6.982668638,7.152228071,14.13489671,14.49637434
01/06/2012,June,2012,641.885,637.862,1279.747,1310.158,6.901988968,7.215749554,14.11773852,14.46726541
01/07/2012,July,2012,567.436,575.413,1142.849,1171.809,6.915936489,7.111127331,14.02706382,14.38023368
01/08/2012,August,2012,633.71,641.27,1274.98,1305.342,7.004268854,7.087374007,14.09164286,14.44428556
01/09/2012,September,2012,585.217,594.428,1179.645,1206.182,7.378173228,7.381063689,14.75923692,15.09892449
01/10/2012,October,2012,530.897,559.401,1090.298,1119.148,7.265339579,7.248947895,14.51428747,14.82992963
01/11/2012,November,2012,551.645,592.375,1144.02,1169.803,7.548990147,7.58081437,15.12980452,15.45643662
01/12/2012,December,2012,629.898,713.159,1343.057,1375.084,7.524086291,7.596954919,15.12104121,15.46162857
01/01/2013,January,2013,523.227,517.581,1040.808,1065.798,7.82442639,7.649617254,15.47404364,15.81342689
01/02/2013,February,2013,604.217,588.805,1193.022,1217.858,7.760213219,7.755667315,15.51588053,15.86081756
01/03/2013,March,2013,739.747,713.907,1453.654,1479.427,7.486727701,7.925098403,15.4118261,15.72101201
01/04/2013,April,2013,639.12,644.083,1283.203,1313.768,7.477758396,7.973318168,15.45107656,15.81102733
01/05/2013,May,2013,710.234,732.675,1442.909,1473.275,7.439410431,8.097372957,15.53678339,15.8840933
01/06/2013,June,2013,687.169,707.105,1394.274,1425.802,7.639531276,8.134296342,15.77382762,16.14884133
01/07/2013,July,2013,638.081,668.166,1306.247,1335.833,7.663401798,8.010473251,15.67387505,16.02105597
01/08/2013,August,2013,734.027,764.636,1498.663,1527.483,7.613305312,7.873151234,15.48645655,15.82729181
01/09/2013,September,2013,549.312,574.951,1124.263,1152.814,7.6014855,7.904697975,15.50618348,15.85721421
01/10/2013,October,2013,563.78,637.882,1201.662,1235.532,7.453630736,7.900322186,15.35395292,15.72729901
01/11/2013,November,2013,584.775,658.891,1243.666,1271.446,7.585280653,8.128952237,15.71423289,16.07854148
01/12/2013,December,2013,612.645,735.085,1347.73,1383.676,7.490836588,7.972236677,15.46307326,15.83467087
01/01/2014,January,2014,479.954,536.423,1016.377,1043.019,7.199695495,8.048877539,15.24857303,15.6138474
01/02/2014,February,2014,562.538,631.769,1194.307,1221.37,7.253008241,8.364333422,15.61734166,15.99326053
01/03/2014,March,2014,741.272,789.21,1530.482,1562.748,7.688909818,8.917024953,16.60593477,16.98528661
01/04/2014,April,2014,656.715,717.114,1373.829,1408.232,7.574505479,8.705382981,16.27988846,16.69491824
01/05/2014,May,2014,775.008,835.595,1610.603,1644.367,7.812785502,8.924531101,16.7373166,17.13687773
01/06/2014,June,2014,685.301,732.318,1417.619,1451.814,8.165346501,8.959229188,17.12457569,17.51642874
01/07/2014,July,2014,670.85,766.766,1437.616,1473.962,7.928593812,8.922461205,16.85105502,17.27672414
01/08/2014,August,2014,752.421,819.251,1571.672,1607.315,8.067338761,8.74038707,16.80772583,17.2390886
01/09/2014,September,2014,565.542,669.997,1235.539,1272.036,7.6262628,8.900991665,16.52725447,16.95933619
01/10/2014,October,2014,580.947,692.751,1273.698,1312.329,7.662204571,8.663472397,16.32567697,16.75625384
01/11/2014,November,2014,579.143,714.963,1294.106,1324.117,7.635721583,8.908011389,16.54373297,16.94859007
01/12/2014,December,2014,658.309,838.033,1496.342,1538.534,7.881627436,8.87557709,16.75720453,17.17841447
01/01/2015,January,2015,515.416,632.297,1147.713,1178.448,7.390269056,9.084096514,16.47436557,16.9098571
01/02/2015,February,2015,558.177,696.341,1254.518,1285.772,7.213611046,9.247209605,16.46082065,16.89109073
01/03/2015,March,2015,717.516,824.833,1542.349,1580.393,7.783596225,9.675725316,17.45932154,17.89567047
01/04/2015,April,2015,646.404,797.792,1444.196,1480.427,7.516255113,9.73322402,17.24947913,17.6931214
01/05/2015,May,2015,748.03,884.521,1632.551,1669.661,7.74808915,9.740294391,17.48838354,17.9286018
01/06/2015,June,2015,661.216,815.01,1476.226,1519.734,7.674706883,9.725814614,17.4005215,17.8893274
01/07/2015,July,2015,647.893,859.201,1507.094,1547.741,7.695295331,10.13187024,17.82716557,18.31768096
01/08/2015,August,2015,670.828,889.543,1560.371,1599.332,7.725770127,10.21443348,17.94020361,18.39075106
01/09/2015,September,2015,598.981,839.514,1438.495,1476.009,7.534612783,10.29862462,17.8332374,18.28068569
01/10/2015,October,2015,599.661,848.98,1448.641,1487.551,7.570443104,10.24750378,17.81794689,18.26970816
01/11/2015,November,2015,529.883,794.702,1324.585,1359.864,7.388075199,10.47445734,17.86253254,18.31379775
01/12/2015,December,2015,634.521,996.731,1631.252,1672.392,7.101026052,9.980326074,17.08135213,17.50307515
01/01/2016,January,2016,473.12,684.829,1157.949,1189.3,7.185499167,10.42470368,17.61020285,18.05409781
01/02/2016,February,2016,555.913,785.962,1341.875,1375,7.188256751,10.45178694,17.64004369,18.09599051
01/03/2016,March,2016,666.922,907.761,1574.683,1615.066,6.86162141,9.964600455,16.82622187,17.29089778
01/04/2016,April,2016,609.499,881.265,1490.764,1525.166,6.839074847,10.40796281,17.24703766,17.66878551
01/05/2016,May,2016,626.247,893.406,1519.653,1553.604,6.886313963,10.4020951,17.28840907,17.69489273
01/06/2016,June,2016,605.425,908.653,1514.078,1549.801,6.836924154,10.49676731,17.33369146,17.73524363
01/07/2016,July,2016,591.549,925.934,1517.483,1547.629,6.909451107,10.83419637,17.74364748,18.1092805
01/08/2016,August,2016,580.788,926.404,1507.192,1540.748,6.809310049,10.73175808,17.54106813,17.92673124
01/09/2016,September,2016,556.261,874.632,1430.893,1463.25,6.93160269,10.64269493,17.57429762,17.95629219
01/10/2016,October,2016,507.24,861.236,1368.476,1398.361,6.632780624,10.97294768,17.6057283,17.95386376
01/11/2016,November,2016,509.053,861.95,1371.003,1400.755,6.696981375,10.71427352,17.4112549,17.79172736
01/12/2016,December,2016,601.329,1081.933,1683.262,1719.627,6.822335863,11.08379311,17.90612897,18.27674825
01/01/2017,January,2017,412.899,726.587,1139.486,1165.212,6.248306643,11.04126931,17.28957595,17.65246885
01/02/2017,February,2017,484.258,840.937,1325.195,1353.163,6.221467747,11.09275466,17.3142224,17.69850276
01/03/2017,March,2017,590.597,958.234,1548.831,1583.986,6.088474813,10.56769721,16.65617202,17.06100285
01/04/2017,April,2017,538.511,880.452,1418.963,1450.982,6.156554486,10.61448727,16.77104176,17.16609631
01/05/2017,May,2017,562.657,947.92,1510.577,1545.127,5.99952408,10.66456716,16.66409124,17.0812853
01/06/2017,June,2017,521.943,944.105,1466.048,1503.708,5.810684883,10.89221885,16.70290373,17.12998748
01/07/2017,July,2017,501.895,907.808,1409.703,1442.074,5.947749514,10.89428055,16.84203007,17.23686117
01/08/2017,August,2017,523.43,951.568,1474.998,1513.174,5.943253862,10.6704133,16.61366716,17.05137606
01/09/2017,September,2017,535.491,982.705,1518.196,1554.253,6.435826576,11.45678088,17.89260746,18.31267949
01/10/2017,October,2017,459.159,891.137,1350.296,1386.79,6.320088446,11.73916828,18.05925673,18.48216077
01/11/2017,November,2017,462.019,928.318,1390.337,1425.669,6.066887305,11.48332622,17.55021353,18.00264631
01/12/2017,December,2017,496.344,1101.111,1597.455,1640.989,5.831617646,11.61362031,17.44523796,17.88685198
01/01/2018,January,2018,366.359,785.549,1151.908,1182.612,5.350629563,11.39466216,16.74529172,17.17555366
01/02/2018,February,2018,422.315,872.379,1294.694,1329.071,5.457840493,11.51660878,16.97444927,17.44685415
01/03/2018,March,2018,537.583,1110.392,1647.975,1688.494,5.386711983,11.80903597,17.19574795,17.66218157
01/04/2018,April,2018,429.068,925.416,1354.484,1392.164,5.264911083,11.85204714,17.11695823,17.58432417
01/05/2018,May,2018,513.695,1073.823,1587.518,1627.509,5.452854522,11.88948077,17.34233529,17.82900895
01/06/2018,June,2018,483.503,1061.192,1544.695,1587.643,5.239072107,12.01084777,17.24991988,17.74278869
01/07/2018,July,2018,417.24,946.647,1363.887,1404.041,5.226810913,11.90983107,17.13664198,17.6288153
01/08/2018,August,2018,441.344,1041.825,1483.169,1528.37,5.116572111,11.9269797,17.04355181,17.56366479
01/09/2018,September,2018,430.323,1002.67,1432.993,1475.854,5.234147533,12.04591098,17.28005851,17.77573934
01/10/2018,October,2018,420.421,940.867,1361.288,1406.915,5.489618365,11.9793392,17.46895756,17.99054779
01/11/2018,November,2018,401.287,982.101,1383.388,1423.054,5.236813843,12.31560013,17.55241397,18.06086421
01/12/2018,December,2018,447.139,1171.81,1618.949,1667.077,5.267201669,12.32570834,17.59291001,18.07715773
01/01/2019,January,2019,353.647,780.019,1133.666,1172.004,5.156565426,11.27986879,16.43643422,16.97024538
01/02/2019,February,2019,365.541,886.615,1252.156,1288.921,4.773109285,11.67916343,16.45227271,16.96186565
01/03/2019,March,2019,482.955,1116.533,1599.488,1643.423,5.002776136,12.33508122,17.33785736,17.84184073
01/04/2019,April,2019,395.58,931.658,1327.238,1373.379,4.758275441,11.63304798,16.39132342,16.96841495
01/05/2019,May,2019,454.966,1127.196,1582.162,1628.757,4.817139736,12.58052375,17.39766348,17.96710979
01/06/2019,June,2019,439.956,1070.464,1510.42,1555.493,4.870771115,12.38606318,17.2568343,17.78122048
01/07/2019,July,2019,382.86,1014.144,1397.004,1444.447,4.658287868,12.44061302,17.09890089,17.681615
01/08/2019,August,2019,434.234,1205.098,1639.332,1685.949,4.660337129,12.68552119,17.34585831,17.88228229
01/09/2019,September,2019,339.453,928.221,1267.674,1316.202,4.599914364,12.56145619,17.16137056,17.7201088
01/10/2019,October,2019,343.755,991.094,1334.849,1381.028,4.331583187,12.19853187,16.53011506,17.04907605
01/11/2019,November,2019,352.631,1051.4,1404.031,1439.322,4.40627189,12.69062345,17.09689534,17.54897727
01/12/2019,December,2019,374.132,1138.91,1513.042,1559.229,4.601488421,12.42572993,17.02721835,17.49126464
01/01/2020,January,2020,293.24,843.32,1136.56,1168.457,4.261029453,12.19015174,16.4511812,16.89307776
01/02/2020,February,2020,346.488,1004.082,1350.57,1383.714,4.234409642,12.3913759,16.62578554,17.08849567
01/03/2020,March,2020,264.709,725.245,989.954,1023.317,2.909100023,8.543712481,11.4528125,11.83565178
01/04/2020,April,2020,166.418,548.904,715.322,743.276,1.926339912,6.667535119,8.593875031,8.944461724
01/05/2020,May,2020,258.529,860.56,1119.089,1142.705,2.675909696,9.543819366,12.21972906,12.50793963
01/06/2020,June,2020,251.179,849.806,1100.985,1131.39,2.873363843,10.24015281,13.11351666,13.47020692
01/07/2020,July,2020,292.561,944.082,1236.643,1268.455,3.462887516,11.37171059,14.8345981,15.22520771
01/08/2020,August,2020,299.775,1018.295,1318.07,1354.397,3.51605594,11.99650489,15.51256083,15.93196625
01/09/2020,September,2020,304.829,1036.27,1341.099,1379.676,3.735295715,12.55664426,16.29193997,16.73883286
01/10/2020,October,2020,313.554,1045.368,1358.922,1399.305,3.746395956,12.41795771,16.16435366,16.61323637
01/11/2020,November,2020,277.628,921.509,1199.137,1235.258,3.741545692,12.14822482,15.88977051,16.35180749
01/12/2020,December,2020,332.928,1272.569,1605.497,1651.406,3.739722612,12.77233032,16.51205293,16.97186976
01/01/2021,January,2021,249.97,856.316,1106.286,1141.709,3.721039711,12.48738277,16.20842248,16.6972467
01/02/2021,February,2021,258.785,934.991,1193.776,1226.714,3.43524919,12.22858782,15.66383701,16.12443373
01/03/2021,March,2021,362.479,1234.673,1597.152,1642.749,3.953306793,14.01857318,17.97187998,18.49571631
01/04/2021,April,2021,350.295,1168.12,1518.415,1557.152,4.106287463,14.10324263,18.20953009,18.6966988
01/05/2021,May,2021,379.673,1190.64,1570.313,1608.628,3.957223803,13.04222407,16.99944787,17.46582645
01/06/2021,June,2021,314.867,987.346,1302.213,1342.999,3.622971866,11.7999887,15.42296057,15.9031836
01/07/2021,July,2021,304.747,976.056,1280.803,1316.697,3.476494548,11.29011406,14.76660861,15.2071825
01/08/2021,August,2021,254.242,838.419,1092.661,1128.965,3.124956652,10.22043181,13.34538846,13.76458006
01/09/2021,September,2021,222.801,793.134,1015.935,1052.965,2.752009109,9.538134327,12.29014344,12.72168156
01/10/2021,October,2021,208.849,842.166,1051.015,1089.348,2.566995552,10.1895711,12.75656665,13.18108034
01/11/2021,November,2021,204.787,809.624,1014.411,1049.604,2.709532244,10.3259486,13.03548085,13.48385119
01/12/2021,December,2021,238.555,965.388,1203.943,1250.985,2.774533069,9.918739309,12.69327238,13.16626596
01/01/2022,January,2022,201.753,789.82,991.573,1022.334,2.976271386,11.4652285,14.44149989,14.86591693
01/02/2022,February,2022,217.079,828.545,1045.624,1077.869,2.875941741,10.84081502,13.71675676,14.16786877
01/03/2022,March,2022,264.362,993.459,1257.821,1299.165,2.804224406,10.97308514,13.77730955,14.25343679
01/04/2022,April,2022,261.061,975.371,1236.432,1271.888,2.920374739,11.3173145,14.23768924,14.68120202
01/05/2022,May,2022,238.654,869.409,1108.063,1145.623,2.648041995,10.18360842,12.83165041,13.28628796
01/06/2022,June,2022,247.88,895.94,1143.82,1184.437,2.762734318,10.42979392,13.19252824,13.66853546
01/07/2022,July,2022,231.178,895.345,1126.523,1164.691,2.693661882,10.70406439,13.39772628,13.8666294
01/08/2022,August,2022,237.697,896.568,1134.265,1178.066,2.845569181,10.71245629,13.55802547,14.06437526
01/09/2022,September,2022,232.583,891.714,1124.297,1166.015,2.865070699,10.77995041,13.6450211,14.13554291
01/10/2022,October,2022,243.542,937.998,1181.54,1224.679,3.021827412,11.59041975,14.61224716,15.09116702
01/11/2022,November,2022,239.873,895.611,1135.484,1176.556,3.073796383,11.1361572,14.20995358,14.73293319
01/12/2022,December,2022,242.913,1025.984,1268.897,1319.001,2.815385857,10.61519235,13.43057821,13.93478789
01/01/2023,January,2023,210.234,836.685,1046.919,1083.376,3.089685052,12.07178882,15.16147387,15.66545818
01/02/2023,February,2023,224.01,914.746,1138.756,1175.628,2.976563407,11.94390638,14.92046979,15.43372181
01/03/2023,March,2023,285.915,1089.077,1374.992,1419.662,3.057182138,12.09500856,15.15219069,15.66775073
01/04/2023,April,2023,287.362,1070.482,1357.844,1399.712,3.272854394,12.65092894,15.92378334,16.44590031
01/05/2023,May,2023,282.905,1080.913,1363.818,1409.601,3.073872938,12.32062682,15.39449976,15.94778447
01/06/2023,June,2023,279.081,1089.632,1368.713,1415.002,3.120567534,12.7686534,15.88922093,16.42829708
01/07/2023,July,2023,265.373,1033.898,1299.271,1339.904,3.162309318,12.64094414,15.80325346,16.30204295
01/08/2023,August,2023,263.593,1054.995,1318.588,1364.968,3.090424185,12.28347693,15.37390111,15.90915752
01/09/2023,September,2023,273.97,1067.01,1340.98,1383.381,3.242716453,12.44899764,15.6917141,16.1928044
01/10/2023,October,2023,234.872,963.79,1198.662,1239.497,3.030073916,12.31958163,15.34965555,15.80505879
01/11/2023,November,2023,244.428,990.655,1235.083,1273.488,3.12270144,12.32731051,15.45001195,15.93871502
01/12/2023,December,2023,264.904,1193.949,1458.853,1505.049,3.160950936,12.75813997,15.91909091,16.38541909
01/01/2024,January,2024,207.999,862.528,1070.527,1107.383,2.982052614,12.04357366,15.02562628,15.53610392
01/02/2024,February,2024,230.066,998.93,1228.996,1265.598,2.997738675,12.67170537,15.66944405,16.177028
01/03/2024,March,2024,279.579,1152.553,1432.132,1471.694,2.956565234,12.72065686,15.67722209,16.13606871
01/04/2024,April,2024,257.006,1060.475,1317.481,1357.828,3.043345233,12.98497115,16.02831638,16.52885662
01/05/2024,May,2024,276.14,1154.941,1431.081,1471.183,2.942330055,12.88251153,15.82484159,16.3087105
01/06/2024,June,2024,247.869,1061.128,1308.997,1347.073,2.719100163,12.27280194,14.9919021,15.43339818
01/07/2024,July,2024,243.961,1041.75,1285.711,1327.886,2.952694582,12.87753457,15.83022915,16.34692068
01/08/2024,August,2024,267.404,1144.941,1412.345,1455.787,2.889601051,12.24834224,15.13794329,15.6384522
01/09/2024,September,2024,227.227,944.439,1171.666,1211.787,3.060852482,12.73818534,15.79903782,16.27500202
01/10/2024,October,2024,251.589,1080.18,1331.769,1373.094,3.096362762,13.02245996,16.11882272,16.58122903
01/11/2024,November,2024,250.101,1123.392,1373.493,1411.97,3.074368943,13.58543764,16.65980659,17.15043825
01/12/2024,December,2024,245.098,1249.122,1494.22,1539.189,3.039268032,13.829528,16.86879604,17.32267768
01/01/2025,January,2025,197.367,905.66,1103.027,1138.497,2.840437621,12.65147289,15.49191051,15.98357644
01/02/2025,February,2025,219.794,1000.994,1220.788,1252.337,2.95162405,13.05981168,16.01143573,16.44719411
01/03/2025,March,2025,287.595,1297.795,1585.39,1620.008,3.114295354,14.65251549,17.76681085,18.17002403